{"cameraMode":{"drawMode":0,"name":"Shaded","section":"Shading Mode"},"sceneLighting":false,"audioPlay":false,"sceneViewState":{"m_AlwaysRefresh":false,"showFog":true,"showSkybox":true,"showFlares":true,"showImageEffects":true,"showParticleSystems":true,"showVisualEffectGraphs":true,"m_FxEnabled":true},"in2DMode":false,"pivot":{"x":0.12999999523162843,"y":0.9900000095367432,"z":0.800000011920929},"rotation":{"x":0.12389875948429108,"y":0.7048254609107971,"z":-0.6869105100631714,"w":0.12733834981918336},"size":3.6461496353149416,"orthographic":false}