{"cameraMode":{"drawMode":0,"name":"Shaded","section":"Shading Mode"},"sceneLighting":false,"audioPlay":false,"sceneViewState":{"m_AlwaysRefresh":false,"showFog":true,"showSkybox":true,"showFlares":true,"showImageEffects":true,"showParticleSystems":true,"showVisualEffectGraphs":true,"m_FxEnabled":true},"in2DMode":false,"pivot":{"x":0.12999999523162843,"y":0.9900000095367432,"z":0.800000011920929},"rotation":{"x":-0.062475502490997317,"y":0.9374244809150696,"z":-0.25487202405929568,"w":-0.2292681187391281},"size":4.996660232543945,"orthographic":false}