{"cameraMode":{"drawMode":0,"name":"Shaded","section":"Shading Mode"},"sceneLighting":false,"audioPlay":false,"sceneViewState":{"m_AlwaysRefresh":false,"showFog":true,"showSkybox":true,"showFlares":true,"showImageEffects":true,"showParticleSystems":true,"showVisualEffectGraphs":true,"m_FxEnabled":true},"in2DMode":false,"pivot":{"x":-0.20544090867042542,"y":1.7642126083374024,"z":0.13243278861045838},"rotation":{"x":-0.04130788892507553,"y":-0.6830627918243408,"z":0.03925350680947304,"w":-0.7284132242202759},"size":0.9339744448661804,"orthographic":false}