{"cameraMode":{"drawMode":0,"name":"Shaded","section":"Shading Mode"},"sceneLighting":false,"audioPlay":false,"sceneViewState":{"m_AlwaysRefresh":false,"showFog":true,"showSkybox":true,"showFlares":true,"showImageEffects":true,"showParticleSystems":true,"showVisualEffectGraphs":true,"m_FxEnabled":true},"in2DMode":false,"pivot":{"x":0.45219340920448305,"y":7.396158695220947,"z":16.99015235900879},"rotation":{"x":0.033780280500650409,"y":0.9660758376121521,"z":-0.18932373821735383,"w":0.1729273498058319},"size":1.2339754104614258,"orthographic":false}