{"cameraMode":{"drawMode":0,"name":"Shaded","section":"Shading Mode"},"sceneLighting":false,"audioPlay":false,"sceneViewState":{"m_AlwaysRefresh":false,"showFog":true,"showSkybox":true,"showFlares":true,"showImageEffects":true,"showParticleSystems":true,"showVisualEffectGraphs":true,"m_FxEnabled":true},"in2DMode":false,"pivot":{"x":-1.1296660900115967,"y":1.9263958930969239,"z":0.33434340357780459},"rotation":{"x":0.036408208310604098,"y":0.7183047533035278,"z":-0.037799134850502017,"w":0.6938686370849609},"size":1.7660253047943116,"orthographic":false}