{"cameraMode":{"drawMode":0,"name":"Shaded","section":"Shading Mode"},"sceneLighting":false,"audioPlay":false,"sceneViewState":{"m_AlwaysRefresh":false,"showFog":true,"showSkybox":true,"showFlares":true,"showImageEffects":true,"showParticleSystems":true,"showVisualEffectGraphs":true,"m_FxEnabled":true},"in2DMode":false,"pivot":{"x":28.295024871826173,"y":-14.449699401855469,"z":-65.18334197998047},"rotation":{"x":-0.027466781437397004,"y":-0.9696875214576721,"z":0.12872515618801118,"w":-0.2060707062482834},"size":47.074546813964847,"orthographic":false}