{"cameraMode":{"drawMode":0,"name":"Shaded","section":"Shading Mode"},"sceneLighting":true,"audioPlay":false,"sceneViewState":{"m_AlwaysRefresh":false,"showFog":true,"showSkybox":true,"showFlares":true,"showImageEffects":true,"showParticleSystems":true,"showVisualEffectGraphs":true,"m_FxEnabled":true},"in2DMode":false,"pivot":{"x":3.3740062713623049,"y":0.14363642036914826,"z":0.32092201709747317},"rotation":{"x":-0.11968165636062622,"y":-0.8642987012863159,"z":0.24516668915748597,"w":-0.4226635694503784},"size":4.71538782119751,"orthographic":false}