{"cameraMode":{"drawMode":0,"name":"Shaded","section":"Shading Mode"},"sceneLighting":false,"audioPlay":false,"sceneViewState":{"showFog":true,"showMaterialUpdate":false,"showSkybox":false,"showFlares":true,"showImageEffects":true,"showParticleSystems":true},"in2DMode":false,"pivot":{"x":-1.9744319915771485,"y":1.3459529876708985,"z":-7.085639953613281},"rotation":{"x":0.25814151763916018,"y":-0.687421441078186,"z":0.2888643145561218,"w":0.6143094897270203},"size":14.456831932067871,"orthographic":false}