{"cameraMode":{"drawMode":0,"name":"Shaded","section":"Shading Mode"},"sceneLighting":false,"audioPlay":false,"sceneViewState":{"showFog":true,"showMaterialUpdate":false,"showSkybox":false,"showFlares":true,"showImageEffects":true,"showParticleSystems":true},"in2DMode":false,"pivot":{"x":62.673316955566409,"y":152.31964111328126,"z":1167.8482666015625},"rotation":{"x":0.06412288546562195,"y":-0.02721787802875042,"z":-0.0017284880159422756,"w":-0.9975851774215698},"size":590.8462524414063,"orthographic":false}