{"cameraMode":{"drawMode":0,"name":"Shaded","section":"Shading Mode"},"sceneLighting":false,"audioPlay":false,"sceneViewState":{"m_AlwaysRefresh":false,"showFog":true,"showSkybox":false,"showFlares":true,"showImageEffects":true,"showParticleSystems":true,"showVisualEffectGraphs":true,"m_FxEnabled":true},"in2DMode":false,"pivot":{"x":0.8299999833106995,"y":1.0499999523162842,"z":-0.31200000643730166},"rotation":{"x":0.04042927920818329,"y":0.9564424157142639,"z":-0.24014848470687867,"w":0.1610296368598938},"size":0.06062177196145058,"orthographic":false}