{"cameraMode":{"drawMode":0,"name":"Shaded","section":"Shading Mode"},"sceneLighting":false,"audioPlay":false,"sceneViewState":{"m_AlwaysRefresh":false,"showFog":true,"showSkybox":false,"showFlares":true,"showImageEffects":true,"showParticleSystems":true,"showVisualEffectGraphs":true,"m_FxEnabled":true},"in2DMode":false,"pivot":{"x":3.7506585121154787,"y":1.659999966621399,"z":3.009999990463257},"rotation":{"x":-0.027466781437397004,"y":-0.9696875214576721,"z":0.12872515618801118,"w":-0.2060707062482834},"size":0.3674235939979553,"orthographic":false}