{"cameraMode":{"drawMode":0,"name":"Shaded","section":"Shading Mode"},"sceneLighting":false,"audioPlay":false,"sceneViewState":{"m_AlwaysRefresh":false,"showFog":true,"showSkybox":false,"showFlares":true,"showImageEffects":true,"showParticleSystems":true,"showVisualEffectGraphs":true,"m_FxEnabled":true},"in2DMode":false,"pivot":{"x":3.3499999046325685,"y":4.539999961853027,"z":3.559999942779541},"rotation":{"x":-0.027466781437397004,"y":-0.9696875214576721,"z":0.12872515618801118,"w":-0.2060707062482834},"size":0.3464100956916809,"orthographic":false}